sample,Acetylcarnitine,Allantoin,Allopurinol,Arginine,Choline,Cytidine,dCytidine,Histidine,Hypoxanthine,Isovalerylcarnitine,Lysine,Ornithine,Phosphocholine,Proline,Propionylcarnitine,Taurine,Thymine,Trigonelline,Tyrosine,Uric acid,Xanthine,1-Methyl Adenosine,2-Hydroxybutyric acid,Asparagine,Aspartic acid,Betaine,Butyrylcarnitine,Carnitine,Creatinine,Cystine,dInosine,dUridine,Galactosamine/Glucosamine,Glutamic acid,Glycine,Guanosine,Homoarginine,Inosine,Lactic acid,Methionine sulfoxide,O-Acetylserine,Phenylalanine,Prostaglandin E2,Pyroglutamic acid,Serine,Sugar alcohol,Thiamine,Threonine,Thymidine,Trimethylamine N-Oxide,Uridine,Xanthosine,β-Alanine,γ-Aminobutyric acid,"10-(Hydroxymethyl)-4-methyl-8,11-dioxa-2,6-diazatricyclo[7.2.1.02,7]dodeca-3,6-dien-5-one",1-Methylhistidine,2-Amino-4-methylpyrimidine,2'-Deoxycytidine 5'-monophosphate (dCMP),2-Deoxyribose 5-phosphate,Acetylcholine,Acetyl-β-methylcholine,Clomazone,Dehydronorketamine,D-Glucose 6-phosphate,Glycerol 3-phosphate,Ketamine,Methylimidazoleacetic acid,"N3,N4-Dimethyl-L-arginine","N6,N6,N6-Trimethyl-L-lysine",VLH,Xylazine
1,199204688,377344.8347,1192335.773,5668578.203,874597184,11156474.63,5586925.547,60664235.03,42004642.41,7106443.47,20311628,1689887,16022393.37,124623921.6,17558184.21,21841547.44,9773930.257,4322751.197,626973.3452,19792142.2,2370590.182,2512579.852,238938,766057,2660949,55989540,2178858.703,407399168,6922375,1193452.191,3059484,185305.3731,3607571,13006009.82,1495948,435225.3146,563594,287063.51,24429780,773929,7510560,63131068,10748790,1718934,2479105,3158633.641,4037299,7191799,2134283,9206507.443,119384.8953,247677.2483,7959265,270790,8735451.398,1396073.535,15883111.49,877534.8953,1732083.254,5556399.932,131384556.8,21393743.23,317807.8493,621862.4263,390002.3724,15888370.69,1348586.659,2119355.852,14952660.11,17506535.84,3496048.793
2,213109904,151663.0996,1175280.973,5121354.949,706857984,11914882.32,5327359.677,50001081.2,53672996.66,3976571.641,15358296,1437414,22370066.15,110981907,19328481.95,20259610.31,7137764.724,3890588.66,520139.131,18199343.74,3853146.788,2125048.867,201829,742522,2210633,66309012,1244387.294,345313024,5693239,1660655.851,1981220,180735.8815,3175271,10808017.93,1379594,421912.7683,549263,282088.6861,19366042,525946,6730138,52433124,4395218,1597289,2395522,2842759.326,2355816,6004589,1738831,6196779.35,102037.2832,465987.0853,7007026,219228,6667701.639,1082189.146,12919231.5,631864.3433,1459682.339,4943742.558,152854151.1,30471709.53,533726.6492,793153.034,391292.9618,7825274.263,831461.1169,1612248.745,8073125.587,6976412.806,142378.4953
3,159673280,186633.1955,4777758.875,5278318.937,988028032,12323582.38,5882091.932,89579905.33,77217648.6,4695457.231,15692380,1704745,93600930.18,121294081.1,14392922.23,21876318.23,5907238.584,3361874.745,786052.1579,19758984.93,9341526.127,2665602.513,169403,870230,3094216,28223840,1392167.842,355535744,7046759,774720.9383,2328814,222928.5059,3598314,12069195.85,1370058,894548.7031,448468,1366080.425,24116762,776514,6771303,94964944,4806070,943870,2700164,2864576.38,1948233,7127790,1361462,9200196.352,130613.2831,1677561.438,8813270,252957,7201252.106,1623683.08,22720246.54,1563179.685,2753617.399,4565185.882,116118498.6,22294064.42,249661.7158,3548330.014,605493.2552,3878373.632,1044669.938,1066278.818,9265715.404,7370156.883,438628.4453
4,173363072,242293.1175,2263448.39,5377003.228,908190592,16226754.6,6851238.853,59410255.33,59395107.87,5431132.311,15841772,1533722,26886108.34,112914777,17384561.64,27525983.17,10598307.11,4367133.578,617546.9132,24679422.67,4372010.15,2815892.507,57602.0928,782312,3036527,61796512,1808940.345,426669248,7178449,1740669.616,2891760,233913.5186,3101159,12173929.32,1809095,846103.6444,642966,578408.8103,19123976,599661,7869104,58202032,9345168,2074396,2553981,3183121.19,3798510,6103459,2668902,9363876.122,172948.0838,286093.2931,7292913,281500,12602611.91,840555.5945,16203584.16,999574.7347,2069645.078,4839524.388,120589323,55916945.23,1206781.572,933736.8059,435273.8799,2719266.609,1988732.627,1999821.81,9636249.205,12357577.77,1158336.854
5,183471728,385104.1069,1428369.333,4856798.285,833347392,13053414.05,6014538.764,62840296.74,60701807.38,4178369.664,15260300,1486391,19115108.73,119070546.5,23205587.1,22617350.53,7889119.375,5238295.661,624450.4294,17174091.93,5615339.961,2538783.508,242479,729109,2905003,66667900,1996060.25,407821696,6489606,1536931.297,1705526,198411.6727,3176210,13136648.2,1522575,339217.6236,616322,347463.2342,24947460,523381,7421619,68192872,6826726,1779973,2481988,2666440.902,3406837,7101747,1844557,14658057.79,121983.2096,617185.7028,8519390,247886,6674282.983,978530.6341,16573136.36,652861.8743,1822384.387,5394771.286,146859800,49295173.56,887539.1657,653063.9291,351331.7611,1068927.746,1610585.521,1930503.013,9381658.314,9443890.317,759767.9393
6,201833904,176156.1429,1739430.975,5866763.172,877340160,15105234.76,6424784.933,64289318.16,62776007.45,5310807.029,15452726,1734688,16141631.61,116532173.3,30306723.07,23156532.42,10871613.59,5007802.424,595472.9917,19903226.38,6701825.717,3135297.039,57602.0928,804525,2956809,52162952,1611063.25,411777600,5981747,1420025.183,2699680,230019.1513,3691207,14522135.83,1510958,572138.2617,626796,399756.58,20040546,532302,8488393,67368312,8715979,2204441,2757605,3530111.916,3905731,6412239,2801987,13983386.41,184407.1589,603439.8745,7702263,275624,8119186.25,1033181.309,17276454.49,720357.2894,1624393.07,5323402.14,100702234.2,31315235.32,469759.3277,666737.0794,324280.577,3922160.906,1024914.945,1975711.916,9743707.614,10333011.16,743059.4602
7,139930848,227364.0282,1154728.536,5876316.192,814232896,12686390.2,6021746.459,60472287.54,53766142.36,4459371.849,20257638,1768177,8852919.443,118451779,16237670.91,24007662.05,12711331.89,4032875.559,621697.8179,21626883.64,3103716.625,2354198.685,172688,730016,2802373,37595632,1364820.899,425622528,5563790,1594355.812,3027663,184641.1213,3720377,12130993.15,176817,486847.4544,691520,307074.1016,18031242,499226,7183351,60400208,5663639,2013666,2594943,3234314.863,3539316,6705054,3015149,11696116.14,176855.5447,133382.6842,7967754,236504,10807302.79,1068680.031,15977658.34,819309.8431,1625148.468,4935567.92,124374163.1,18996618.52,119550.0405,462327.4416,289456.8278,4739388.458,1234106.025,2124489.741,11876034.71,14929215.08,1370149.52
8,217220112,274147.1261,2004190.882,5502102.474,905160576,21565303.46,7294817.667,75612777.47,76059699.14,5548494.888,20837096,1677747,18451973.31,136024295.5,61075244.74,24758525.39,8050121.624,6515240.387,768783.7857,33111872.43,4770352.349,5338092.03,192865,820398,3222451,45778800,2299116.634,463088512,6681814,2045897.928,2189759,305068.6331,4392354,16915777.95,1679671,668553.6531,702786,489925.8541,32361506,723481,9898719,78600384,7115548,2628560,2825384,3791705.891,3189403,8004002,1843228,13878219.07,174856.2491,289024.646,9468546,363957,10716064.41,1747694.018,19484565.56,912001.4041,2280899.613,6482103.933,106450354.5,21137871.79,469817.3159,694924.9229,344816.9177,4245240.567,1347722.739,2710227.678,13007906.72,10503323.6,1079651.11
9,147709520,470815.6007,1409801.006,4460889.646,837811648,12136844.69,4690548.34,74385135.4,48019068.96,4907233.458,12981000,1184646,29980829.84,105888352.7,31948488.82,21655298.87,8138049.447,4592984.108,606461.381,19487369.68,2544542.489,2490664.316,194299,766038,2719695,32037220,2323968.23,374627808,6616561,2067558.322,1647713,149090.6361,3611638,12117403.94,1488679,468003.5027,434102,313791.9988,24302282,478685,6658521,73469248,8035748,2211496,2905700,3382563.997,3603922,6975487,1828918,17951474.64,129729.3261,208991.0637,7839460,224321,6858460.03,951681.8084,19915593.05,826247.6724,1532805.894,3699106.739,31574460.3,49750927.06,1425948.662,1177632.125,495058.8527,10804419.23,1256422.473,1638447.634,7567125.363,6098807.689,1836244.586
10,182847184,2161004.907,1439182.257,4106641.406,959342656,13634277.11,5317668.696,84423727.21,48519292.7,8371405.62,15584006,1159219,12163880.56,104945743,33881915.07,25500250.3,9514650.338,4566820.71,736942.9163,11872689.37,3116926.881,2922196.726,183784,683786,3055504,40322292,3515010.733,432868640,10149325,2343463.462,1878696,170866.5311,3464615,12658609.66,1389067,490395.6485,417926,314864.7818,19362698,354805,7168637,78125944,7765595,2695158,2846863,3460808.661,3711533,7344108,2340461,23025160.44,249083.4771,255138.9727,9083417,201541,5523107.899,818218.492,22875828.67,448850.5743,950984.3155,4766013.719,139863167.5,72403829.99,1872523.95,479521.3533,253092.615,2229906.76,1106343.607,1681710.158,9553910.621,10250406.85,1822592.613
11,198362704,216994.8266,1399535.761,5013582.445,828149504,14177851.74,5123725.929,62402760.12,52326032.39,5348499.925,14733993,1424525,7459695.648,97005029.58,18761063.72,23696297.24,8996728.577,3673514.039,545112.6104,21592222.32,3164612.708,2571692.167,194122,712811,2690353,43063648,1823962.376,396263968,5318944,1887967.354,2044450,160473.9854,3744369,12554673.84,1674547,419731.3601,439349,334382.6435,18938622,379105,6918614,52747212,6064318,2400478,2465299,3375323.712,4467307,6582013,2125864,7200089.049,157987.225,310254.9,7379563,219978,5201779.114,885740.4992,16997156.03,437883.9781,961922.9692,4004909.442,101137731.2,24648954.24,735153.8501,363543.9708,273920.4831,18114762.31,1095180.553,1728633.397,8692785.651,10505996.64,2162422.636
12,64517448,90814.83085,755067.9296,2236380.156,485122784,6619022.809,3043614.269,28532288.57,30718737.93,1882294.742,7012976,686322,8148197.635,55004522.6,6158977.227,10900678.11,4133146.488,1875709.569,245779.2981,9571073.993,1715094.505,1117652.488,57602.0928,307600,1183831,29894380,542542.9317,173325088,3869694,780096.0518,847221,58445.59232,2370255,6808802.678,581434,281088.3357,232095,175456.6752,9252855,265928,2635425,25321348,4990228,1013788,1094360,1721747.598,1568238,3222728,849955,6167356.042,65167.76642,191567.3591,4046750,98225,2545019.729,407204.5163,7796045.473,275483.7966,590440.3651,2013648.897,40770530.09,10924864.72,337375.2935,441735.3368,203567.2992,4067744.65,452095.2166,905948.9647,4618596.261,6099182.35,756065.0833
13,174762672,142756.121,1190809.609,5035461.69,862865280,13671619.3,4764785.66,65810498.69,49659010.03,8133233.944,13632943,1546284,9024038.495,103402083,25763893.31,21128760.96,6248552.036,5246229.806,544658.7394,19625694.35,3808932.441,2715445.169,57602.0928,595603,2941017,46410276,2399828.507,467757088,5578582,1389585.57,1068027,137879.7938,3627050,12001793.11,1593976,368744.2161,397015,281668.4022,16627296,425711,6413593,68451136,6854620,1933492,2449195,3224983.96,4919267,6334227,1263550,8334184.472,120702.6618,593513.1925,7342126,220237,3993262.815,787096.7234,16744991.3,359776.726,895058.9076,5407246.366,101363935.4,30608094.53,649335.3477,422761.5214,313127.8449,36762044.71,1334518.047,1687013.882,7970923.194,10960531.61,5461757.336
14,221125552,617799.7066,1303186.559,6002577.483,948198912,14356943.14,6351538.651,90932947.87,59421340.91,7499289.322,20091416,1743718,10576690.2,136841638.1,29872494.21,25431740.69,9156820.9,5463605.038,875132.2701,18025540.01,5515697.009,2704463.603,262236,886136,3385576,52430812,3037928.081,492785472,8268306,1599655.792,1550523,182582.2074,4283364,12841641.71,1840015,307665.5194,520105,280683.1792,31239658,469968,7550181,100463392,6159884,2531760,3507494,4150415.633,5412157,9172500,2182334,7594431.388,129994.0009,674418.2907,9603283,282738,6203430.647,1387180.277,24517175.3,532014.7733,1301432.29,6514136.744,140789616.5,31771569.93,540992.319,406078.146,367473.3066,25257173.9,1995011.396,1982153.854,11299107.95,9825927.36,455442.5501
15,134003608,227332.1903,956024.0369,4009621.952,706824960,11561346.56,3730076.217,65904323.27,49652938.99,3861795.677,12335098,1173168,7363069.674,89065346.77,13626995.1,16602481.42,5162224.62,3383151.886,419320.5849,18060898.09,3687004.941,2226726.864,152695,482093,1990530,62465996,1508124.608,378703040,5762949,1471822.892,1162992,98851.66144,3620516,10007177.04,1100898,340359.1353,283085,246601.4705,15094001,931668,4709568,54867708,6869338,1941843,1865502,2655002.792,2481142,5751784,1215226,7749615.328,84510.5228,398219.9997,6321570,162742,4681641.371,1011226.286,17380295.29,489032.1647,985362.0366,4346009.692,96354944.29,36878927.15,683680.1572,335207.7636,204918.6916,5835667.01,1432393.461,1613532.461,8336661.932,5523969.212,1433826.643
16,266549760,708489.5618,1383911.367,3542872.864,1039077120,8225205.871,4591672.208,75503007.61,47519423.04,14170883.69,16273401,1012556,57125316.61,104728566.8,23271775.19,28566035.62,9622901.74,3150538.405,668969.6476,17992018.84,2549053.262,1004878.201,392847,671472,2775997,38535960,6372095.02,415957920,6871618,1666232.055,1684073,96528.16381,3789607,7873380.031,1666010,417767.7575,438882,342449.6428,23966620,437174,4158918,78556480,8317733,2347591,2790257,3333074.29,5622281,7643227,2313742,4160298.753,136531.1477,93399.16473,8776384,138289,7891189.549,1206474.081,20277439.53,1003385.432,1234870.07,2967842.21,146145310.4,76783521.06,2190371.843,1694316.687,734988.9308,2356635.094,1685242.574,1452839.942,8425667.576,12686320.39,930280.7111
18,188120176,188668.9599,917467.8021,2571975.799,900593280,6224924.863,4119266.694,44200671.24,36778691.09,10274240.16,9722534,712487,20166739.38,71122286.39,15510122.1,22060787.76,7125074.156,1552830.396,385882.4428,15779914.56,1845124.954,768506.0264,312018,412023,1660246,23662980,3734249.346,304817216,5013251,1132565.848,1085206,65722.54927,2809051,5855663.073,1010327,232836.0919,313652,195198.0031,18098220,337815,3133595,43963292,7745135,1953571,1828676,2202210.445,4570514,4681020,1670349,4248747.647,98148.15537,56964.44905,5936354,96874,4255985.208,950468.2693,11742458.16,470926.3486,745906.8938,2103388.041,62906108.54,39624054.14,1020319.302,759073.2399,510360.0621,6562203.39,1327728.727,1257815.564,5523928.317,13128669.98,700894.9278
19,150285312,175740.5514,711312.501,2162988.825,634629632,3769098.883,3439892.355,30321862.84,37444066.28,6765938.348,6788119,664954,15840140.46,56699727.74,18851449.07,12995855.5,4304020.259,1240191.612,271416.0726,11113454.14,1170036.76,610007.7294,284174,272547,985352,24802456,2213732.094,240487552,4135097,680416.0038,740918,32149.6569,2784347,4794832.379,746142,123701.8896,192526,193374.7675,12499088,499910,1946121,38606944,4542833,1235316,1174815,1280921.219,2080053,3817418,959789,1446932.489,59249.69801,126095.9471,4423123,53269,2263687.379,699141.1819,7887889.733,311761.6632,548428.2974,2114874.59,50535317.93,26168959.16,816192.6267,762947.0394,354019.9877,6462879.461,901195.9615,720319.9929,4362973.222,5242015.625,978137.7694
20,325806624,235198.9594,1257960.756,3707815.327,1101076992,8407599.214,4569796.688,50708773.76,43910464.1,17113640.51,9654559,1098137,31716982.82,90337251.79,36731359.9,28548331.96,7333939.989,2323705.729,533892.4857,20973957.33,2096513.772,1120342.11,477170,499360,1866688,35054904,7734582.646,478208064,7619055,1471100.547,1151711,70761.94351,3470279,6825837.487,1372558,257187.0891,322527,292843.6236,29042242,574712,3833221,54472512,8673052,2563307,2127456,2811607.517,7466003,5777470,1735058,2573809.742,144895.6769,129275.2239,6664019,130052,4850348.13,1348709.29,13382179.06,521182.2517,855067.336,4048231.399,228182081.8,41108347.6,907208.4453,938661.9089,626194.969,22823484.11,1554463.932,1512607.023,7152550.021,13536183.43,3804694.611
21,192196032,608618.1357,763615.5217,2164360.777,729848832,5325617.254,3390506.746,42094269.07,33441924.61,13366304.19,8659014,629563,28763805.12,68960821.09,56750165.42,18444370.93,6020469.252,1414456.579,333545.9373,10297915,1447657.283,544631.0796,160746,361282,1272354,20091258,5126437.724,259381312,4768527,1030488.525,1071132,56988.09768,2896175,6259371.443,1085709,179125.0699,265082,193481.1949,20820896,418114,2948349,39177724,6780923,1666966,1496178,2061104.441,3360957,4524789,1281391,2421347.349,74564.29292,115037.9332,5332921,100573,3816468.233,787063.469,9474013.53,476739.152,718585.1751,2020257.24,49346522.38,44776969.39,1229318.935,1015722.705,476573.0072,4942230.297,1008295.658,915627.0097,4920302.137,4705288.084,2618656.335
22,265778352,360174.6496,1278625.007,3262204.429,978013248,7929689.564,4780048.581,48070517.02,45846882.29,14210479.98,12022091,996604,32331732.92,88620831.72,70520968.41,30485797.59,8578217.434,2347385.883,481468.3839,19860659.59,2516549.373,975028.0105,153593,540903,1972956,33174922,4329089.587,453883392,7018538,1388735.007,1459376,100686.2967,3806129,7011722.285,1602014,262839.7187,315783,273602.8698,24810652,749892,3849403,49679284,8618887,2164573,2025409,3417363.106,5660013,5523552,2055984,3061779.951,164602.1886,147977.9989,6406117,119109,7268929.961,1064806.572,12680043.53,674170.4576,1035699.967,3468977.24,138413084.5,67464033.83,1656979.145,1048126.736,498632.1508,2889566.325,990406.2408,1587900.425,7942883.385,12700723.49,1204940.394
23,182140864,168296.5916,1625259.995,4433420.088,842511680,6509280.751,4326593.115,61284774.99,41009420.98,12891753.93,13890607,1303756,43837175.28,97792947.69,42725571.75,25626604.97,10074522.3,2398881.63,562845.3497,19676900.57,2130509.307,1016764.799,279621,560368,2221265,31932190,4524513.795,430702208,7567183,1180637.329,1939420,95777.41548,3430962,8151430.948,1401158,345233.075,360221,358692.7813,27124636,574656,4304789,64470924,3930584,1872368,2400704,2819897.152,3338666,6962322,2602210,2600332.803,177181.6241,210344.1042,7803863,143517,8098051.654,816987.1857,16598819.24,795871.7988,932513.142,2659459.098,107753620.8,44747160.23,811076.4937,1664213.692,571200.6182,1068927.746,1533552.049,1389425.139,6744634.79,5347450.447,404352.0281
24,354930720,519211.6362,1209925.951,3250390.953,1043177856,6344703.318,3881977.755,65643372.48,36662048.15,25237330.38,11970240,948993,110308166.5,99726360.35,201515187.6,27030757.42,8788535.102,3047540.296,518534.7821,19490060.68,1722793.306,863239.7377,200042,588188,1958470,32405666,8484574.593,517231104,7477878,1493839.355,1647967,98119.42027,3164135,8941182.777,1453903,284003.5844,301237,299326.8502,37326844,504506,5101874,71754592,6460879,2414125,2339632,2775885.313,6088944,6300429,1948252,3899337.27,317078.1465,195208.2319,7839336,189202,5565630.625,1048959.122,18137626.9,898718.191,887256.538,4085113.092,121199626.4,80763384.78,1520512.98,2641360.608,989281.2105,18223520.29,1715332.27,1234558.519,7307737.927,6054708.041,2925458.553
25,165766512,563708.996,972361.0194,4663594.663,829433600,5750793.418,3444749.864,75078185.16,37597660.78,8786405.415,19017892,1351772,54706887.13,108012195.8,97918974.62,23036368.25,6162909.344,2334060.605,645030.2419,15108765.95,1642571.647,1147257.986,452111,717658,2456590,25559940,3823985.4,355335232,15380092,686177.1913,1332154,55213.15038,3237386,6351491.907,1258883,271718.8661,377536,226844.4374,35089324,927792,3650793,72959336,6563848,1617100,2838404,3067462.545,4708051,7739751,1471626,11396299.53,96668.18947,62609.77523,8431628,128849,6560215.769,1173731.462,19609534.75,821454.7413,828244.4396,2900699.722,59689528.55,41547827.03,878511.251,2043970.731,696166.2582,19224082.17,1220832.944,1663375.319,9448510.746,22945460.62,3065331.469
26,213625216,1252374.122,1358217.977,2590171.044,818404928,5834416.754,3838575.668,67689509.06,39049601.93,8865087.467,15490620,767267,60871112.08,94999752.68,27682037.97,20623744.64,7957840.621,2658764.854,503705.7161,9131725.055,1806484.919,715937.5864,220623,598259,2173622,28281164,3344218.88,286518784,4801437,1074391.701,1538356,97490.8718,3150219,7926749.708,1110699,369649.6889,345583,303365.4472,24468484,655613,3950181,72765416,6366626,1539127,2535465,2512062.581,4819782,7290253,1847627,6143757.096,94469.58675,137380.7465,8096578,130982,5285116.334,1031585.193,18412613.84,795192.3499,864948.8668,2250956.667,64837833.92,36344879.26,908192.9049,1855797.38,791505.7077,19887484.45,753718.0886,1152623.901,7154071.29,30430867.39,1690966.146
27,280676192,318338.6227,2209822.978,4017461.344,992572416,8695075.442,6545794.687,64239518.02,56286513.4,13294774.66,15497732,1274091,18941640.64,92393571.74,39308460.93,29620547.26,15038059.12,2429235.207,524292.9751,20968517.65,2992527.704,1423271.008,300263,704594,2086341,28313262,5321878.949,384926240,8404476,1478143.736,2931636,173811.8714,3770370,10910542.57,1405570,428400.2878,426126,510438.6248,32455886,509124,5670604,62287880,6832982,2354871,2413527,3322446.551,6283082,6527044,3695567,4312349.557,338423.5433,163607.2322,8307914,187320,8211990.371,1169812.231,17452854.64,547955.2441,892933.6029,2835982.632,105780012.2,36229595.47,804837.4732,481946.4241,510315.2811,6283936.716,1118647.329,1812538.883,9226891.49,21934938.02,1914597.93
28,532163648,230969.8423,1855348.981,3572369.896,1106820736,7276354.001,4541942.074,47445145.14,36800687.3,20961461.28,10661742,1277713,51028863.1,80187387.56,67502824.7,27650082.81,9815642.007,2823828.485,466903.3345,20351951.11,1777371.264,1181700.212,163242,452319,1470894,34870240,7367760.069,464870336,7839006,1357664.065,2004696,61950.00398,3534842,8493297.315,1343191,430965.5721,288354,476651.4083,29914110,595163,4621839,49347608,8228480,2513298,1790046,2844966.607,6099529,5040595,2243915,9466051.531,321555.0875,187037.0871,6305118,153301,5668962.69,1067410.455,12648263.67,636828.1979,701262.6767,3689721.009,113323034.6,80144808.37,1328244.972,1300272.411,717735.401,9572348.189,1228726.998,1313490.216,6704707.233,18834035.67,2735908.87
29,298609824,276757.179,1233454.668,5273930.32,993077376,8216744.15,4860642.014,66623116.83,49527865.79,15625410.78,18010138,1560658,59525664.22,111081505.6,41788761.12,31461244.03,9370454.072,1865771.884,620283.6429,22039745.07,2520869.397,1287297.627,331873,658940,2479139,29961384,6920003.207,494137888,9864031,1250086.167,1582551,108000.9121,4098808,7036801.327,1582643,251876.2849,452162,270578.1415,38687796,725741,3988503,70495760,10466995,2370789,2648358,3589694.611,7276365,7683397,2209233,4013831.506,135954.6695,190293.6986,8845577,148177,7011970.715,1515816.836,17757105.3,990694.9914,1279899.313,3809680.46,145377417.8,73716628.17,1574198.638,1988138.423,773759.9796,9964787.219,2022690.746,2108162.595,9980047.876,20617824.79,1184623.699
30,250170896,316470.4823,685745.4248,3467970.208,855180096,6025160.658,2989582.491,50692320.98,34566862.8,10529159.96,11402759,996736,42703495.49,82795110.25,24575641.83,23961873.32,5213127.338,1728780.545,447689.4755,16366674.24,1626158.228,727797.9016,295058,490176,1764097,26858818,4461725.498,332328736,7914785,1035972.879,795970,50599.91452,3070852,4524728.012,1192501,172070.83,298069,162110.7635,31576276,382805,2485270,51979744,8962052,1750332,2028276,2436077.483,4824894,5456030,1153025,4868012.929,72346.24544,80914.36699,5955396,87802,4273810.171,790843.36,13504931.41,521116.0878,803391.4934,1915866.306,120774403.3,58632142.54,1846030.694,1346789.718,615000.8672,6102598.409,1021138.982,1278309.008,6259329.457,16977314.78,1576671.159
31,273122880,377545.8599,924856.153,3965775.057,993587264,7502785.95,4949682.292,75111796.85,43361217.19,10503775.29,15559722,1201424,73191715.32,99715394.84,36050567.51,29527605.01,6505711.88,1746631.203,688674.1406,20272603.55,2207375.572,1169436.929,469949,684051,2522693,28709608,4431366.876,396014816,8804085,1499511.301,896768,109129.5624,4282663,7711134.849,1514465,228610.199,365145,185421.3391,31565064,989234,4288337,78957648,11388823,2000770,2803365,3728166.431,7534963,7423571,1515884,2861115.608,127392.9712,326816.5846,8687327,148662,5395146.046,1213509.601,20319773.36,754865.2779,1040302.401,2985789.71,86588202.59,42185873.21,1166977.289,2453004.306,1034231.938,106137086.2,957988.5979,1396889.387,6764685.527,9570606.172,41249706.25
32,233864016,180743.8942,1110431.185,3814012.798,1001362816,7732409.231,4118543.112,51195853.98,45024360.76,12973771.55,13316795,1117038,45966024.72,99137554.8,65963647.24,26157175.15,8163278.38,2411558.13,486147.7261,20095023.22,2329701.344,1014559.487,373290,577654,2107991,36601328,3872380.132,520112416,6917807,1578846.18,1375073,81512.87525,3492380,8725647.086,1519524,266393.9142,490107,252320.7516,27677336,520444,4525649,54794408,6758296,2397018,2192326,2897459.961,6554687,6548090,1856096,4712670.919,152823.6924,191995.6464,7667875,151496,5516287.114,1338940.884,13481434.13,766292.8961,1066863.596,5181575.23,141606390.8,77091546.97,1518315.425,1428378.504,688655.2466,10508390.29,1801634.481,1786977.051,8488224.139,6490036.817,4421228.875
33,206316272,2454260.209,834518.7819,857709.1515,870477120,5840857.434,3332559.826,48006452.15,39283585.43,12008711.1,12911118,266713,28794963.75,87779137.48,28994287.03,22912079.89,5859577.445,1781368.022,444541.8068,190723.3814,1549532.212,737707.3508,290465,517105,1872188,27857610,3907346.706,366231840,6397362,755230.067,1142270,118002.3062,3875897,7059346.685,1290406,202486.9461,261815,165772.7886,22958648,498427,3263718,53579748,5011480,1933092,2094993,3426749.246,3915054,5860155,1254772,2178298.671,112897.136,106173.8985,7196188,95671,5374999.017,911188.9935,12211396.72,618131.4178,803400.9559,3174518.55,124854705.7,67361470.42,1685445.315,984286.4653,617681.906,3681706.442,1163100.547,1338480.414,6785481.718,5658659.448,805364.0684
34,341673248,329901.9627,1094365.281,3744253.213,1001389184,8195478.647,5057998.564,65896534.33,45380964.4,10301041.14,12594022,1143039,61180394.86,89299776.4,46888399.87,30391120.36,8931724.564,1393842.715,544232.4419,20257256.61,2248082.836,1238928.623,547583,532208,1996292,20573994,3842785.873,392997088,7887557,1590051.467,1364886,91044.6665,3860543,8406516.199,230411,334617.4111,349037,276385.1344,32593026,445682,4260873,66686172,10532059,2409611,2304228,3119723.811,6713656,6106136,2103266,3297418.079,165572.0974,181700.1984,7193963,166556,6483853.836,1456272.168,17096618.68,973693.6895,1122967.01,3651758.812,67519089.67,112054126.4,2252117.959,2012210.183,980853.8251,6162487.854,1869666.614,1473329.477,7916951.593,19440899.91,3385228.121
35,216618912,452364.3713,1488775.248,3576987.799,952206848,8454903.429,5725527.94,71500147.98,58123858.09,11657256.47,13463615,1048321,23267524.53,106435282.2,75524304.17,23739329.53,9010726.464,2405146.521,545340.9951,21122395.71,3097392.865,1248272.524,494392,561630,1818910,30812016,5052510.366,400698432,6392819,1614219.705,1455152,150172.3675,3460089,8302618.227,1352973,263239.7982,364379,374874.967,37584460,1188358,4026553,73501384,8922889,2089273,2280287,2503269.686,4338188,6990338,1873763,3672357.877,170652.4028,133605.0994,7471865,134148,6839236.424,1433608.565,18792606.06,726942.5951,1160144.818,4060032.881,95537234.22,43681927.71,852829.7451,633223.3805,478772.9407,9202039.303,1824013.979,1873621.343,8420201.869,7557917.299,1188125.54
36,271650848,422742.3512,1225077.867,3423617.66,984828928,7215878.675,5138257.695,52846026.4,44032228.96,11617088.67,11523697,1034703,60723929.42,91188397.49,128658404.9,27628341.62,8871202.713,1924177.657,507192.597,19629184.55,2315464.795,1154194.462,384861,625299,1899702,28984720,4056567.613,417255392,6264721,1176519.249,1501027,147790.1436,4178864,8260891.025,1552555,245193.6236,397223,270876.1936,34429676,535554,4504934,55425996,8584117,2056025,2086159,3513729.976,6700743,5757901,1971611,4731411.45,136379.0383,252564.1675,7023955,158344,6712032.938,1383373.699,14076866.82,851649.6715,1222225.842,3962806.539,93221815.94,53718095.22,1179871.348,1863354.699,764526.3812,10398773.86,906124.6572,1487922.173,7767672.427,15334757.96,3942163.475
37,257227296,247111.7223,1735657.1,3428148.603,1120457344,8711826.772,5678697.025,62976204.99,55384462.89,15146591.75,12829107,1012448,37631938.02,100385894.3,113792360.6,30203297.53,9420830.901,3204271.068,522440.073,25078109.18,2731234.437,1215386.941,289075,526817,2252467,32144818,4362906.431,535146272,6599912,1718101.091,1656352,127603.465,4356023,9889515.786,1754405,258596.2367,343257,461257.3392,24776460,563810,5037723,71858080,12382791,2734590,2211856,3739693.877,6269824,6286837,2111387,5901900.547,164102.4219,253082.8957,8387739,175077,5379529.826,1286248.299,16038219.28,805707.1743,1123111.693,4404758.248,113220791,70986577.05,1390850.566,1180249.471,734565.3385,31611117.6,1503024.795,1516978.111,9887060.373,6330988.251,9621153.84
38,250630352,156489.623,1632380.18,3141864.727,1011423040,7388211.836,5121998.693,50829171.49,50892060.65,11009561.04,10941032,954216,58772719.78,90151790.28,133374020.3,27354017.89,9314867.735,2198201.504,466125.8509,20414669.44,2660622.94,1113823.339,281075,558559,1754393,27373464,4255379.864,435741120,5855786,1903081.774,1611293,150433.7933,3528526,8235555.722,1608689,255417.7448,392372,402544.49,37443560,553828,4204247,56591740,5582345,2090281,2013989,2683269.587,4922550,5598675,2190996,5380843.852,229346.1316,140294.1707,6789470,143928,8211747.874,1557722.643,13373247.39,661692.2834,1291459.617,4069798.468,74541200.09,62272495.82,1214021.607,1366911.478,637398.837,4434537.466,1423320.816,1412493.264,6303354.87,4499256.493,1056556.8
39,244441568,324457.2784,921483.2752,4111438.741,971829952,5675342.472,4267002.847,73129335.76,37774645.46,9617034.1,11442221,1296860,34897047.89,90260243.54,96270308.23,23437479.22,8489192.864,1626184.56,552188.3119,15047804.72,2770234.328,1123952.375,669553,572354,1831172,28751136,3773005.694,395796512,6876521,742564.8609,1099229,91195.47448,2856256,8759670.721,1461150,166744.5776,274802,218779.7946,27116158,344796,4598301,66047928,5883429,1879669,2347355,2171900.66,5391117,5832133,2090615,1820788.588,348411.5813,579902.7732,7279437,168726,1634563.624,1222362.243,20112939.4,173339.7918,523987.6833,3383578.307,96585441.61,81028999.46,995010.3401,942698.6707,639278.5851,8824299.516,1425261.494,304176.5815,7930607.568,4751153.409,2554850.09
40,291278496,479312.0984,1295647.876,3137200.393,864505728,6771887.889,4138892.599,58964995.67,38383767.73,12344330.4,11108885,928348,54331309.54,88762604.57,46461090.74,24860918.5,9445137.682,2187690.303,494775.9296,17173580.99,2069636.298,932831.1161,163003,635620,1908578,31057456,5144589.848,373977088,5712735,1248357.476,1725741,84977.73545,3254344,8809455.397,1467681,300552.2591,334324,337472.0916,37054352,485956,4578952,56253308,7425584,1985466,2160575,2728816.706,4913508,6318310,2127645,4409341.422,333198.8959,94432.83765,7636302,172809,7949909.864,939774.0339,15539931.76,768539.6682,998894.8707,3586839.315,101897055.6,64547565.37,738855.9735,1711121.407,637760.4407,2654211.141,882831.7394,1375591.105,6812744.795,12442009.63,838391.099
41,219959648,625419.0974,1147487.471,3887631.091,953892096,7416733.637,4139477.893,64853382.71,44757455.76,11658006.34,14432949,1110344,40611864.08,94506248.73,39126156.08,26891181.01,8674191.257,1727524.719,561263.604,17111783.86,2555657.864,1087137.757,311105,637906,2084410,24203160,4038226.537,396361408,5760664,1527746.482,1711371,67416.98603,3225549,7932494.22,1507841,382342.5038,394322,301813.2989,29814580,438825,4049416,58680400,12075942,2103537,2248559,2702091.279,5565888,6245762,2077514,2908672.92,229139.7345,89706.55887,7616346,136350,8559524.484,1062522.867,18045514.73,1093126.56,987146.8069,3184718.758,102072613.7,74103862.84,1854049.885,1508335.847,736253.0267,2537941.577,1922811.092,1664029.816,8887389.222,22874640.27,811635.6814
42,254625232,376501.6471,932569.3242,2816356.629,969153024,6181653.048,3447576.867,45087048.57,35111120.56,16307953.18,9679048,818111,40197777.59,75701926.59,37951448.9,25080802,6616761.201,2221650.328,392141.857,14661744.02,1688120.157,618150.3836,151159,465729,1618585,25615056,5792737.661,387641632,5910012,1089424.787,960393,40307.57479,3265924,5967885.65,1213094,188641.3962,210950,228838.2682,28922148,360743,2996681,46452976,8196097,1784177,1818111,2590664.157,5273951,5250123,1468566,3925322.258,160000.2422,81620.46809,6880798,115007,4507995.771,917405.5069,11682509.44,471232.0305,728330.2905,2931681.044,129957452.8,35579157.05,799339.745,1235292.467,762197.3551,11460938.05,1180366.309,1160792.663,5867774.859,6558435.664,784292.2848
43,276342784,1396170.381,1941529.596,3775923.874,955799552,8723349.559,4947932.045,66637619.92,44227876.56,10219415.44,13997298,1074446,18370595.44,88142616.92,30067962.33,28534544.94,12617088.58,1114257.136,563473.8491,11970505.88,2618160.702,1201718.51,278390,573669,1998008,20311468,2999748.768,351538240,6624666,1710387.495,2584592,60705.72614,3577738,9971257.679,1411447,447672.1127,371289,498430.6893,26582170,930433,5528044,62901324,9773110,2235516,2471765,3097644.525,6519806,5942906,3171637,4195797.554,679502.1859,205907.4248,7492123,178028,7262795.275,1333250.762,17821341.22,481862.2778,676193.6166,2791700.846,60723304.18,62630753.81,1093684.593,481826.5161,487108.3277,7676872.578,1190440.685,1437040.292,7710606.271,4783083.838,627758.7274
44,200490560,269277.1055,1426121.575,3395717.684,897138944,6805824.008,3933546.858,56052579.42,39978908.94,13127915.87,11222521,975579,66809182.37,83391488.02,30326693.14,29543608.93,8648332.994,2019030.495,444713.1366,19514959.45,2064118.96,816272.2048,207569,521587,1893174,31424460,4876059.751,452996768,6824411,1614444.251,1635025,61826.64775,3160767,8747003.389,1531125,310479.2679,323383,369326.7049,29037232,351869,4597577,52560912,7425876,2490575,2036407,2702906.999,5020675,5741283,2148998,2536144.276,340067.9698,194663.2534,6834718,176437,7010637.345,978025.1971,14472395.8,877407.4604,904061.0488,2899108.654,158475140.8,60906105.1,1251535.216,2262136.174,787042.5493,3495867.207,2343545.638,1246720.702,6855327.285,6150606.035,644336.5265
45,245728944,351400.7903,1040310.221,4070938.223,906244544,6086504.968,4020444.777,67216106.49,39361801.42,14022003.4,13422360,1248620,60865578.92,103295330.7,61367676.21,26955310.59,8318561.78,2308129.541,576050.9562,18531740.6,2097714.35,873257.4245,173096,636388,2098394,33087834,5865286.367,461821664,8076644,1204694.288,1501568,82957.98501,3409103,8311960.963,1461501,263996.9611,426344,259493.7687,31393668,393078,4028095,63902344,7289618,1934650,2511302,2685968.601,4744171,6332697,1977703,1863672.809,166041.5214,99046.20984,7620333,139321,7366026.977,1163411.861,17760540.1,999112.9571,982875.6988,3683378.584,118508436.9,55430762.8,871710.9247,2095194.013,671553.4971,4627809.449,1936119.741,1368115.494,8476764.433,6933261.872,852687.3942
46,328430144,230736.6702,1636817.604,3420159.621,755022272,7861236.404,4820786.52,46647460.54,41342991.94,8572193.392,11673492,962109,19799145.61,86103107.18,16171733.9,28055263.89,7066589.966,580621.9887,468791.5927,18282061.04,1963732.823,1415445.371,6487953,388194,2159065,29349826,2033621.319,189993904,7619290,607008.6429,965480,200671.5473,2654693,12833252.2,1061016,290317.216,317140,426498.5348,33254510,2005326,6302742,52187028,5567163,2527878,1862029,1917520.67,5066139,5532756,1636873,2012031.656,174411.5719,791650.0082,6224499,216652,2099963.418,3445374.102,12366252.49,301100.3121,328586.2303,2743509.631,45474945.7,48680748.29,119550.0405,1210145.519,624360.9857,5671739.024,1145335.889,1254004.522,7224435.649,1890515.075,2185374.39
47,310406080,263218.7594,1827611.873,4619560.466,815180800,7862546.506,4818928.886,72270428.12,43202756.72,11657229.35,17204728,1349337,75548108.81,117186385.1,36046787.8,29690995.16,9158910.071,1122707.166,649159.2486,20223078.01,2365217.882,1431952.586,323233,851489,2906101,32688650,3718560.171,396617664,8508859,1606454.747,2041706,119636.4773,3870859,9930586.952,1475481,410445.1116,575762,457111.5231,35816856,1245040,5912706,76290488,6945885,2057375,2831346,3271499.864,6738193,7560820,2082087,2474113.09,244492.8114,166701.8455,8887090,205681,10696340.14,1631916.057,19223437.89,1090705.696,1056137.46,3646251.212,138655564.6,54592991.46,808493.5662,2607008.638,683163.472,10223375.61,2472933.443,2001449.091,10504289.43,10128212.69,1071336.127
48,217435168,285081.9475,2086527.607,2176722.465,682040960,8323228.666,3565351.269,58905604.33,47280043.94,8716549.08,13415842,638987,32169481.99,97776399.74,18358346.62,26028014.51,7031037.719,371142.4167,465212.7244,19567662.78,2481366.733,810126.6093,5940555,517557,1725812,20175512,2398891.198,216647344,9404892,336022.2673,2156915,58516.56598,2781353,11629074.63,1004823,505693.4669,317581,531329.17,29640220,2054690,5689503,60608272,5600146,2059844,1895389,1886148.099,4008052,5800214,1779508,7196999.918,212565.151,106553.3317,6579737,206782,9688625.237,4270746.052,15174528.79,1494758.432,700229.4906,3057412.131,57466914.44,22158859.98,119550.0405,1576750.644,492076.0727,12257045.23,2447891.535,1699910.915,11427957.81,3574644.454,909059.3018
49,216495104,271954.4842,1409299.083,3626421.646,733280640,5657050.484,3374136.006,53071173.9,36763242.31,9317428.369,14668799,1019916,52449280.43,103554412.2,93087093.17,22887876.03,7593912.129,993249.5045,565988.9311,15542904.02,2010422.164,647153.3586,266441,571270,2005945,29617896,2582924.4,353227072,7658856,1304996.004,1879078,62781.11059,3390167,9071415.56,1014438,372399.031,413707,356166.8077,34643668,1400183,4748724,59744884,6517619,2030692,2250263,2678510.238,4338761,6648997,1922798,4008428.604,192805.9279,103453.0073,8004686,180988,8337830.224,2662168.282,13924949.48,1105040.677,791699.8697,3337206.007,102972845.5,115976541.8,2944731.841,1906446.019,520518.5151,2534801.757,2328056.578,1856747.849,8979043.115,3074453.965,347990.2733
50,167225456,215083.906,1636694.499,5133721.218,833804160,7736471.39,4928138.902,80917541.88,44471710.88,10834581.4,19041974,1480657,57352625.57,116625008.3,119148870.6,27672705.73,7985965.036,941180.1663,688483.4543,20563314.01,2069904.174,1245944.48,585718,842079,2972297,27325420,3293424.179,369710624,6878242,1925356.549,1519890,157015.9587,3346344,10559638.26,1391867,481832.302,597108,397522.3201,53071156,2137987,5650618,81463296,12254310,2174853,3123419,2880046.383,7328710,8008611,1872531,4357273.013,197519.478,324444.0608,8553830,179265,5409758.583,2682334.033,22107450.29,872556.8023,979843.4323,3040039.441,101243079.5,84863480.06,2974459.218,2133643.13,666242.8447,18941069.95,2062731.111,1907676.109,9873940.532,16390320.7,5197716.912
51,251087136,233242.0748,1450311.841,2970951.943,873105792,6651033.834,3355913.676,55452470.98,35284617.08,8978852.9,12239924,885270,28758149.64,89590579.03,23331634.09,25464523.06,8685778.869,1007424.288,510581.1559,16046476.95,1700573.037,922330.8522,358128,562885,2159723,29346936,2770755.281,356209600,6493579,1511015.856,1745142,54427.31251,3347738,9051918.522,1220606,424589.2187,398384,354621.1826,24055042,1246719,5043346,51201836,9708819,2221467,2112827,2874196.461,6364418,5876385,2138073,2106680.248,281458.9039,133268.9363,6765384,177414,6195305.412,1412845.789,14527371.16,744625.6613,649328.7313,3080246.636,130020747.9,61983598.33,1390999.949,1070289.702,472388.6583,16629359.9,1597589.483,1845030.433,8523672.869,9608498.13,3714619.026
52,204879888,194906.7491,2085493.215,3958187.94,754257664,6778986.479,4283364.981,73242307.21,41311276.19,6055734.449,14894142,1178726,42821887.85,98752431.22,26981015.21,26678662.28,11120078.98,896425.1545,621806.3716,17345445.42,2181359.343,1294055.932,488398,601153,2741041,20146450,1757527.221,277957376,6094089,1468770.433,2348974,118120.9836,3531624,10728749.56,1377906,616894.7377,429351,517128.9387,25635158,1376934,5989177,73737704,10850460,1845152,2555856,3224700.51,4455850,7418397,2487501,4779707.553,261323.753,159051.3926,8558428,208757,9864681.034,1886614.099,19884258.55,1155637.464,1071155.711,2359257.795,45449354.67,38614393.75,851502.7704,1684959.747,528907.0684,5280397.07,1306009.645,1509511.08,8931323.152,14622386.9,1694652.544
53,241415568,272542.4263,2132106.976,2607089.351,709404032,7165951.877,4647975.324,55824850.36,42993030.28,6890416.448,14610134,743346,42612554.52,93935177.66,13039727.58,25460026.71,10746273.7,1259661.599,489765.5745,16119901.3,2019555.235,1398612.847,244541,607484,2072911,25944102,2036961.697,264282656,7125902,1438826.792,2428644,117845.9858,3233832,9177738.439,1024172,645917.3223,352691,508826.9678,29417616,1271277,5041791,56424032,9604442,1813373,2154560,2834637.912,3799313,6061179,2548559,2910580.93,273177.6401,128330.7631,7420312,181304,8447257.268,1636676.155,14526195.58,986321.2232,905964.2861,2446053.879,74681956.66,78614986.32,1871706.042,1596342.854,536736.5488,1068927.746,1262709.967,1613269.645,7833167.355,10606505.23,597419.5965
54,187332672,1240721.292,2240762.21,4377516.268,548148032,8020906.166,4788894.553,71723710.32,41278219.41,8169251.184,15648836,1342375,63643442.49,100646331.8,2606337.814,29539519.84,9624266.571,618078.7068,619023.1586,19752117.51,1952227.169,1238853.952,7597387,573152,2100649,42778844,4499524.855,209349632,20951970,179700.7952,1840730,147559.6435,1584508,6393271.246,1056405,652403.368,358170,537240.2564,20618980,2143317,4135955,77984304,4418708,1137220,2478768,1717607.33,3620167,6351181,2418330,5596015.266,245486.5504,208611.2183,7820971,129407,6709145.694,2586561.885,18779833.06,1155862.431,758048.174,2363682.5,48445531.11,13827695.96,119550.0405,3370242.942,330572.6039,9000492.071,1403886.156,1479775.752,10720896.43,18659966.06,570437.1149
55,212072960,277217.1482,2585670.336,2828984.814,657058240,7311998.754,4370617.078,41582340.67,37539417.01,5754512.579,11813609,823850,25100704.61,76297179.77,28114538.33,24087252.83,10872890.58,691686.1155,392761.6244,16298697.83,1768901.083,1148198.793,2369136,451422,1713983,30936144,1557430.676,209320400,6750612,616058.4703,2464301,108689.0404,3448842,10024708.84,988169,563526.4775,360710,675275.9009,25933240,1747297,5304580,43710956,4770037,1907475,1792362,2877697.903,3749016,5304530,2754536,1154741.731,679329.9149,126225.4888,6275633,164246,8210644.498,2685557.535,11269412.51,726066.5084,497550.9215,2746760.498,60741394.32,53931736.32,756853.6632,1072239.699,386367.4447,1068927.746,2551105.431,1336896.623,7923482.145,7367965.35,92400.8546
56,226404192,413634.8289,2039400.557,4826619.987,927317312,8781303.678,6127039.075,89743712.89,48579708.23,9315474.072,16629209,1381668,10282850.73,107161153.8,57459635.99,28747813.3,14396424.88,2172745.272,744652.1189,20016672.77,2634624.736,1687438.095,277133,741502,2807908,30945448,3555978.733,420197184,5442926,2149291.992,2766985,121202.6525,3487052,11491796.56,1546977,392832.7445,442860,512123.5263,29649550,876632,7022520,86074312,5366819,2668869,3175680,3150767.349,4782751,7944637,3414950,7291235.799,901098.6039,95159.87265,8654329,252326,8718532.652,1322966.377,23924451.64,337933.0185,710577.8507,2861781.126,65756578.97,36215802.63,817802.6144,297581.6038,294314.4221,3803758.411,1803703.395,1583948.074,7646473.133,1834455.886,900412.8331
57,323902368,244192.2054,1512676.021,3917605.172,988506368,7875152.392,5381438.537,54649092.18,46259852.58,17938198.75,14767058,1136877,17882205.39,104412665.5,45368470.12,26656357.46,10267926.6,2941116.852,564151.0562,19486850.73,2401047.956,1135425.992,220108,691951,2117092,36315160,4220073.802,431814432,5996066,1761018.442,1862125,93271.37954,4287590,10735880.64,1365637,280453.5142,357313,382845.7976,30914890,1314603,5447580,57963064,6884049,2455366,2553047,3413954.424,6124880,7062888,2725587,3537263.914,193144.25,179571.6068,7724581,150585,5571664.946,1581750.467,14743118.8,497094.7475,898641.9295,3320698.55,106557105.4,109015067.4,2344644.092,555901.0105,519885.9443,4651656.334,1522885.734,1831806.281,9244355.773,3482284.995,2925196.835
58,228385232,256155.6598,1477014.742,4089724.325,772836224,7716610.111,4522859.365,52258668.82,43240769.88,12242972.55,16530115,1188517,44116521.87,98102132.95,39197819.23,27967171.76,9036749.086,650259.1243,526551.2651,18005084.91,2150552.311,1100132.898,151374,551644,2279088,32507504,3445456.559,315168320,7375489,1653999.607,1484715,169865.3834,3767639,9911261.121,1391573,316866.1837,509516,337208.422,36244288,2089969,5834126,61411784,5889967,2199283,2396919,3294593.179,5697532,6546815,2315125,2811029.983,201241.322,149027.5841,8022787,228420,6640888.023,2561053.055,13870064.91,852001.8793,923638.3096,2356373.127,53688628.17,58088771.71,1296718.485,1783563.412,591369.6015,3372500.189,2100961.311,2002866.753,9792734.683,3628095.937,884051.315
59,135599696,355697.4835,1316798.521,2276460.872,468320256,4349599.201,2267226.185,23936114.67,21550930.85,4222186.975,9001308,621759,13401821.54,60911852.35,3398678.442,16180298.63,4611553.589,682904.0892,248172.3083,8706192.097,821455.1486,542302.657,11284830,79181,1214019,37259656,1998827.664,80815584,6799900,565171.8364,857891,93650.40179,1276502,5170447.76,622146,285370.5545,185872,330086.753,18680124,1077134,2766836,27391326,3217664,1143673,1170527,1203684.653,3163291,3685479,1041548,12965039.84,694530.7622,24068.42119,4028591,103265,1205021.738,1901126.509,6435452.204,114191.5565,169503.504,1776842.604,36121224.23,13870412.5,119550.0405,1037635.898,642813.2898,1068927.746,746622.3743,852306.2378,8661375.499,542460.3153,775971.3775
60,337330560,195942.943,1950111.858,2747619.618,873348864,7059126.096,5363753.48,55298268.84,42318046.08,10698168.17,13550186,857946,57759475.88,103338083.4,32263233.58,23803654.81,12958578.52,2040214.202,559253.8437,18949806.6,2004045.72,1372705.328,148673,734391,1836938,51088588,2779406.149,310580192,6593842,1414460.926,2082513,188740.3751,3443805,12376669.04,1275643,387825.1139,477664,452077.9702,41320780,2445380,6710733,60913452,6158944,1869648,2342845,2664959.297,4836783,6455806,3404300,3334452.37,565983.9174,207002.6035,8007435,236816,7348616.903,1588206.439,14879881.67,851724.1199,917108.5173,3017075.784,130493893.2,52414952.72,867687.5992,1631857.938,569844.9905,10677083.27,1230300.81,1662962.516,7588675.429,3064035.218,1702899.07
61,187355728,202956.2426,1136146.459,2888469.306,776205760,7215578.682,3573705.739,46428830.59,35578219.54,7908119.414,13834457,800952,22592256.92,92087791.28,27419454.12,24737502.12,8850915.476,553425.5633,445867.2707,15609823.81,1842445.595,855130.4801,450032,619857,2043089,21123922,1772395.575,252045936,5716791,1708415.975,1663586,55310.356,3478920,9660199.569,1014579,377860.234,336965,293214.6246,24770816,1537445,5178444,51039528,7078971,2061720,2173952,2858482.394,5114385,5913380,1907557,3361514.654,194905.1682,101449.549,7406223,192787,6985571.731,1398694.09,12454812.95,750090.3565,754894.4366,2363033.107,41046489.27,44757170.31,1198419.837,1013441.642,466393.8151,6630110.905,1518993.932,1914350.466,8382233.941,2416824.744,1596022.503
62,286207360,236827.9874,1135628.399,4372189.482,902094400,7835784.134,4758284.413,56112518.03,42548092.88,11584943.21,17184532,1482511,24439998.49,101320437.9,35703969.37,26214284.69,8324043.013,685527.3691,586766.9613,19168430.42,2286806.066,1109617.069,453296,665054,2211967,27414252,3652685.029,358008384,7073196,1721618.9,1631255,105837.4487,3585084,9173439.557,1316777,308649.9057,369193,285677.2633,26617182,1328662,5028907,59313716,4874670,2079433,2376958,2799848.354,5749087,6156643,2019573,1531576.506,155979.675,131036.4195,7240350,178297,6542896.772,1822841.757,14202525.64,675117.0134,1050988.16,3612790.981,138458603.5,60187141.43,1296855.716,930429.3473,430162.1491,7629715.061,1241139.269,1797532.259,9486230.628,5295063.624,1445947.757
63,327863616,224649.8668,1462168.004,3949591.469,875534272,7775424.766,5231867.891,54885777.21,44990072.33,15200357.91,15134687,1175068,35913765.12,98922596.42,31496607.08,26248715.62,10740209.27,2092225.102,509309.0889,19020686.93,2438583.276,1384365.032,146454,671137,2238026,27109760,3541508.735,332521088,6201192,1819976.164,1802827,167294.8852,3296115,10222745.08,1400940,431730.7006,433482,385343.7118,28805230,1333864,5147947,58666456,10848636,2024543,2327650,2926356.353,6277949,6068768,2609913,3205450.121,188591.0574,160328.8369,7535063,197546,5942931.707,1783145.418,14438252.18,705774.9909,1083437.901,2984064.257,101702835.7,47590474.6,1313034.99,1053103.236,563482.7661,10021215.53,1354019.446,1840445.539,8757880.844,5475587.574,1168396.619
64,315448704,226744.3102,1062562.277,3889888.53,633130368,5107592.252,3658796.413,51428747.15,37086742.76,7214216.692,18601430,1165783,57277812.8,98932119.17,22135174.89,24097072.2,8141387.89,1491902.555,540406.3582,14216933.65,1850634.595,734457.4774,913004,250935,2379086,37347876,1885764.096,242353584,7385095,1197017.119,2009483,59173.80993,2746863,7789599.252,983266,318493.6711,426578,270082.1079,33470480,1692373,4155212,52440744,4642509,1516292,1984220,2445985.655,3961266,6530049,1928007,1204651.774,201162.2391,77563.3387,8090861,153528,10050463.4,2981531.443,13479096.38,1417396.498,866656.797,2951449.994,77250937.4,30050579.44,639533.9589,2187967.989,558418.1699,2498433.018,1520591.936,1595408.756,12125210.47,3935717.899,644722.4498
65,104416416,102203.2925,795058.7071,2536515.008,485951456,3493170.2,3320361.303,32227821.39,29999067.66,5844170.115,8184672,749046,19750230.21,61203885.61,29664883.18,13258307.25,5712736.816,452149.7129,286158.3428,9631426.489,1464248.978,724459.3298,161096,342547,1263800,17969590,1607245.471,170202848,3099187,961670.387,1107666,155687.9783,1849877,4673586.385,676380,178992.0816,233992,201628.55,15533558,1221928,2307188,30376960,3186967,939763,1296055,1316090.942,1402743,3713370,1285878,1068285.71,112304.5896,24068.42119,4317513,75282,2708318.529,952360.8093,8620522.062,719466.1909,802607.3886,1458847.215,45559517.95,22031373.97,555373.0905,1087248.746,403833.5444,1068927.746,681802.7548,918756.6103,4710549.296,1713703.626,303558.2678
66,384883936,291925.673,994821.4275,3797682.681,1008650304,7468999.813,5454811.148,65541427.8,46781414.43,20276830.88,15995513,1140610,33956679.47,112211383.6,42296195.28,26075950.73,9848760.133,2728394.049,603496.6176,19096477.58,2674991.433,1239077.565,184467,656023,2217632,35298676,5886281.484,405175552,6478607,1831516.229,1656999,124056.4152,2855239,8341372.746,1390366,228552.2775,447205,276404.851,30443270,743468,4611466,64471112,9942553,2398460,2516979,2270505.961,5817797,7018497,2415361,4670702.557,138026.8785,111088.4424,8045520,160478,8250139.527,1168419.997,16464610.05,893261.3155,1408745.829,4007244.003,108768679.6,54205038.58,1214656.011,955459.0817,588628.5123,7050925.002,1300442.278,1931381.483,8773945.372,9209018.091,1488693.739
67,262472048,388522.5105,1063934.866,3038626.215,924522752,7406766.057,4467360.689,62213675,37129164.12,9659516.522,10176112,872587,53727867.97,82509941.22,21226119.59,27397011.63,7738449.487,1875889.385,475938.7173,19100839.92,1920193.635,1147047.651,238705,553963,2216200,23946964,4595227.986,347008160,5295055,1509975.888,929825,104786.2149,2760172,8478755.274,1273678,301558.844,241971,227138.4703,24780324,524107,4640767,63280256,7839552,2023353,2176515,2590705.475,4732428,6096911,1758113,3926134.614,143682.0524,125826.3653,7434886,171912,4210271.008,1101213.032,16067652.52,692891.1508,792563.2306,2901355.198,78993438.19,60742300.66,1485904.69,2060600.006,841135.5394,6208680.708,1105780.013,1168893.002,5240292.903,3280503.061,1834047.513
68,222467296,261448.0202,1012780.638,4119723.222,962469312,8547068.485,4710247.617,61732759.37,41766773.17,16155454.72,14104150,1193818,53128494,103365559.8,23906541.94,27821985.43,8504181.032,2399561.45,563819.5575,20837361.34,1859328.298,1214346.682,57602.0928,582669,2328726,25407322,4299961.336,416441632,7506645,1525781.788,1066501,140839.9872,2937557,7151919.75,1516028,335367.368,457329,216285.8684,26027976,378878,4149527,59087920,7886092,1902701,2395834,2630987.183,5849150,6052127,1849276,2222050.705,158810.7986,151452.6688,8615754,146983,3602239.31,1286069.001,16347009.87,549434.5303,915643.8281,2895695.079,92321342.22,133778947.4,2736442.266,1702639.745,739728.0368,1068927.746,1312078.505,1756599.605,7140188.071,4957662.566,1260455.532
69,399152256,143991.7252,1345505.933,4634490.341,1042594112,7861136.368,6190224.914,70312222.59,59362070.87,11627591.45,16447646,1348900,43369448.81,115341559.3,39305684.52,27505453.64,9777744.39,2136513.443,587179.3469,21855280.15,2657323.497,1059913.3,517970,602674,2289939,32146894,4651030.869,415896352,6303872,1936697.625,1661152,93687.64251,4481367,9030056.945,1586733,200142.9877,376822,366754.0157,29964664,758125,4455659,82344072,12825604,2191032,2512727,2945753.424,5362077,7298790,2442307,5064903.909,161748.3703,189297.2882,8690691,145680,8154019.527,1474895.184,17933321.63,1043000.064,1326071,4730469.061,126226856.1,50723170.72,1331853.765,1264362.13,581508.0221,5888486.384,1451397.18,1867728.475,9490731.06,3521741.06,2311903.375
70,357240544,899143.8539,794416.4196,3869342.607,965008640,7674752.144,5582463.392,75460586.65,45484997.17,13018397.93,15679978,1103793,67421688.15,110730534.4,43662267.45,27224801.71,9324158.433,2559398.695,705914.7752,18670201.61,2246877.524,1197381.091,229572,806019,2558339,26730656,5290597.936,453825216,6726786,1561719.984,1093329,164745.072,3829791,9518301.195,1751626,192656.1678,440028,206630.2311,36462864,915390,5206512,84679224,6585249,1846039,2864956,3410111.553,6419254,8045613,2148498,6567039.186,119335.5522,195955.0885,9131445,168918,5256289.582,1453901.887,20341467.53,705599.3439,1270502.632,3726005.226,120467967.7,62261016.89,1381816.432,1858945.676,774678.9648,33578671.2,1482384.25,1802398.016,8645095.499,8099781.637,10653566.39
71,296410784,207089.0984,2618391.262,3823466.101,971067392,6512692.494,4990701.072,67101668.91,34392264.65,12082571.55,11015156,1264844,19228107.83,84080382.01,33232799.91,26485636.44,11575699.6,1571580.331,542492.4014,18384091.94,1822919.183,1192914.776,171705,521391,2038294,20631784,4959179.95,361231328,7368913,1560099.882,2796052,88299.44294,3385327,9570085.129,1310475,578162.5148,315651,656779.9645,25193686,606615,4951393,68322784,9026557,2112078,2057576,2660125.653,5959007,6070635,2759975,2870034.392,736585.1283,116085.9284,7362639,152550,2874650.369,1133609.103,18100522.61,232010.862,518365.5047,3230069.408,82037057.23,27302786.24,257935.5039,440167.858,433849.6624,51777557.77,950426.2875,930757.8235,5975624.327,575377.3384,4208561.461
73,213860480,315677.5318,1356309.385,3784864.268,984325952,7678104.477,5312973.252,70719453.53,40678395.94,14019724.5,13346704,1126210,37117080.15,95028971.78,35006748.76,26911088.3,8911743.514,2526467.92,627257.0257,19490562.17,2058026.985,1030601.023,155068,587549,2396760,32773612,6128052.632,400779648,6698793,1795806.506,1465458,125907.513,3346636,8675378.98,1292344,239067.4411,350653,305793.3025,23743606,535970,4616988,74124152,5475633,2092007,2576362,2905743.11,5391086,7166248,2194464,3177890.463,330664.0954,122793.882,8036847,147142,4106972.239,1286418.99,18589276.29,434089.9674,816450.25,3416577.637,141313873.8,39475917.26,764128.5675,1056877.322,547742.5365,3006432.29,1735516.454,1361125.125,6275414.081,2723768.223,423183.3841
75,243549040,305370.6526,2140603.059,3828492.42,1109384320,7740153.64,5590754.279,73417818.94,60561885.59,15200823.98,16130146,1169522,61563703.39,111919540.4,120640811.9,28459608.73,12585304.24,2532001.841,666611.4959,23335132.21,3057502.967,1191745.835,326169,619877,2288603,30926632,5226165.739,470753280,6574591,2051104.592,2340678,116849.5005,3699217,10735373.94,1570558,616104.9686,347994,576596.4099,32417328,897756,5415526,84020384,7303626,2968113,2476318,2753345.213,4883570,7362717,3101165,5195890.373,242979.0189,168905.2423,9185472,198210,7784045.5,1572935.94,18669302.32,1325348.92,1427726.407,4459180.926,120572003.6,69228497.71,1851174.412,1764160.246,942407.6167,4019300.703,1910276.224,1629557.065,8685982.803,10938048.98,1149987.091
77,252703856,238150.96,2520187.763,5117669.912,1011992000,7065166.087,6055844.614,92537679.38,36593305.98,11223076.92,13843920,1655090,27893580.24,102820463.5,42970174.79,25205158.74,13697212.35,1855420.716,748203.1759,21957068.26,1913765.321,1666213.425,154780,779741,2545464,24011026,5291784.539,409902368,7032265,1264491.793,2593720,182574.1115,2882232,10167210.06,1484631,519574.2582,387762,612137.8653,38406756,573091,5630618,96201256,6976881,2335452,3324572,2278905.918,4411774,7784236,3711346,5660638.681,841432.874,292976.5421,8606852,205196,3669600.927,1438433.032,25512162.64,347921.3247,605427.1002,3048746.268,69018596.68,74344856.93,1094505.575,593004.2943,719250.5191,8003295.224,1392841.602,811983.7683,5267257.42,1899561.514,867865.5525
78,270188864,161226.2704,1400789.499,4774123.178,960794560,8547605.204,5637565.703,103609314.3,46756585.26,12234386.24,17562058,1465482,55585702.64,121573554,49304162.04,28253556.4,12648520.14,2348610.964,726985.658,25326068.78,2645890.753,1410900.909,442415,622442,2550456,37247708,6100791.974,428044096,7744839,1886186.388,1983260,91003.80487,3062824,10672942.19,1480331,527389.2984,388038,357873.2799,39505292,784429,5547484,95176344,7430246,2371222,2849182,2058159.272,4243047,7878246,2842189,2257829.278,334899.2032,130895.255,9484710,219333,5903095.414,1989466.235,26413089.53,859681.5604,1284920.046,4300643.444,143833196.2,98220912.68,2289729.487,1244990.577,701172.7776,1068927.746,2200691.09,1548301.896,8679578.94,7911357.269,531895.2408
79,326684384,211148.2952,1383454.366,3671082.994,963012992,7794877.004,4995006.432,58338036.39,45730360.09,16152896.65,15061249,1075670,31712701.59,103067078.9,65189309.37,27547974.06,10723346.62,2426279.796,553633.245,20600899.17,2306470.362,1056450.48,128612,676990,2073445,25398034,5844199.284,438358752,5407156,2044427.731,1895536,132874.9487,2538435,8938729.192,1774012,447096.4461,391300,293503.2547,31845354,574956,4839352,62586388,8914942,2783874,2433947,2013359.34,6246880,6477675,2523986,7088558.834,178028.0417,79396.15461,7984467,171463,8109932.122,1198754.307,15226868.46,909276.3646,1325188.587,3619214.084,85652518.85,118280530,3222439.676,893569.8918,658173.9433,3292446.005,1317399.519,1649455.654,6513433.436,11641873.11,1077902.629
80,376871136,1095264.698,996461.9607,2628115.998,979008512,7099155.688,5567903.286,60408699.22,50181474.63,10853400.47,14797413,771744,25621365.95,98283189.56,35429485.64,26408185.26,11012139.66,2430283.739,500350.5188,13367644.39,2228024.601,894345.6344,188768,585093,2050415,27002204,4445606.658,365482304,5942694,1765260.715,1838786,133810.0413,2994672,8235191.677,1411097,480706.4795,373693,236445.1376,30875468,633428,4376370,57396676,9924361,2537671,2263894,2704633.222,5630421,6314893,2665182,4414995.947,165244.432,58136.36883,7284047,149036,6434186.651,1324839.885,16363353.74,754038.3142,1329192.141,3913300.825,83541821.66,86713173.35,2388075.226,631458.6529,598743.4526,4542006.168,1190624.554,1655985.315,8298862.398,14850328.82,1260152.279
81,174776448,228502.8028,2110199.284,2871544.423,988050752,9290461.022,5725594.478,70420519.68,52595278.5,9841726.518,13431959,865371,30123527.47,101512874.3,36895165.02,25119362.44,10277787.94,2531115.239,534361.9958,20197941.58,2468789.763,2217557.515,218642,577356,2409801,23458296,3885768.266,331849952,4598366,1372031.328,1459635,164102.05,2975916,9685198.305,1240618,993544.7265,299735,607547.1267,24239274,755218,5007364,75909088,13873992,2055195,2223229,2040744.967,5263968,6474176,2417671,8156168.246,255517.7518,132946.5609,7732509,155081,3171285.798,1290783.099,17649982.82,711530.9821,956992.0455,3281212.632,107268606.4,84191633.53,2145780.061,930771.0106,727175.2756,1068927.746,1535623.116,1672534.048,6108485.825,14026095.44,2282089.596
82,158531456,395267.6772,1048719.03,7454962.582,744713152,9946727.966,7057862.064,69644136.96,57905819.75,29995088.19,27478764,2110032,6271625.762,146737212.7,10491688.47,24976633.58,18651175.5,1515410.712,763568.3845,19431500.79,3488277.77,1580366.425,236835,875047,2743086,20643756,3453801.727,334006944,5949299,508273.9401,3059518,194332.1762,5767703,7664470.403,1290409,394458.4848,676128,240430.7764,48244168,1651036,5447251,86209408,8393658,1279714,3095374,6277040.295,6226751,8506494,4537325,4102634.544,172397.7925,97965.46981,11404670,168921,7868376.877,2863074.589,18637765.95,740979.6288,1242119.037,7200574.753,87621865.04,7933999.897,119550.0405,265530.7047,506084.6231,88962279.61,2270375.55,3118739.476,19694903.62,15270020.53,2251608.59
83,287561376,255028.1318,1190961.774,4002595.238,1057783552,6874224.95,5907928.6,65321731.15,42047930.81,12769740.76,14989860,1183536,62291742.09,103058174.1,48034192.66,26897555.28,9738216.395,2249875.159,541588.4301,20177816.38,1867283.234,1235027.03,57602.0928,686930,2058697,23250288,4431851.485,406782208,7365729,2011554.738,1641973,210474.9187,3210423,8835823.758,1538614,402477.4468,427251,331895.0124,26381800,630632,5001933,70041944,13420556,2387566,2574375,3085068.129,7125602,6796768,2093494,3965812.099,169024.1014,143888.5925,8123607,183154,3852492.771,1099731.841,17535814.38,802735.8605,1400445.382,3780084.386,72632283.52,76762546.28,1619489.044,1786328.031,976440.0526,23928946.02,1627429.497,1774453.951,8483312.653,15561799.91,13425750.8
84,234296448,903013.6993,1485285.769,5477142.161,790654272,6807664.77,5331849.117,78623861.93,43595178.98,8934794.897,22555346,1630617,56214534.89,122262518.3,14754964.35,27444685.1,13285952.93,3868068.409,736420.9868,20073950.23,2298640.327,1084007.269,746652,831051,2411394,45204704,2843142.262,279267648,10521362,2001932.549,2701153,179914.8948,4840729,7358200.805,1471297,650573.5006,710597,355236.995,28714542,2108963,4395487,86126856,13549416,1780481,2983153,5182452.29,6824670,9176602,3357098,14882033.18,203778.4462,150423.3663,9424142,138701,7658734.514,1423754.828,20186857.26,1317640.241,1383681.584,4045329.384,70101667.45,21385712.64,280332.8325,1683656.108,775840.412,4728726.915,2034342.902,2745728.162,13181271.45,15475060.95,1702506.813
85,220052976,558847.1545,675745.7383,5542598.863,1116474624,10102279.05,7302188.511,70545619.19,35837499.72,9064404.938,22397692,1691166,16460048.25,130792909.4,70970130.63,25392343.31,15166397.84,1412337.093,805827.4883,24254579.06,4271411.038,2640787.848,501324,792733,2347020,28931278,3241520.499,470000352,13176328,104710.6301,892229,554105.4583,3245515,11082126.66,1722771,278623.9318,344884,190817.1575,25589140,1853392,6422015,87032880,13961199,3211643,3353975,2560808.084,9861295,7643036,3886972,641345.2888,507837.0827,210860.27,9970347,212995,2259824.353,1870553.108,18515947.3,588879.6273,10791.73118,4124525.281,128150695,64198110.43,7998326.306,781982.1594,822318.4974,19420694.99,2338211.476,2361001.172,10053334.6,12782066.73,5035620.61
86,212433088,362557.2447,702454.7173,6108147.021,971050112,12504583.63,7847148.373,73975808.61,30702605.03,11124681.46,23632124,1715016,23103452.97,131414584.1,58150576.35,22556076.86,15272332.06,3844637.049,845715.7569,26811933.14,4620862.637,3413526.25,144226,921122,3109417,42395372,3621326.91,444703616,9831918,232707.3472,660144,807450.7444,2716401,11618382.21,1764365,437455.7259,355438,199706.6952,25412068,1277887,6890420,96227808,12730406,3051212,3501046,2496706.374,6224440,8680241,3643482,1498358.393,470139.903,246317.4692,10464886,244877,1477315.89,1546605.842,20933519.6,780555.7809,10791.73118,3219168.924,129745077.4,86110231.31,12518229.27,1276423.126,792997.2421,4856428.138,1587190.119,2512992.841,10247809.32,13557933.7,1500303.658
87,232514560,1864919.655,336363.0136,4682481.085,1052963584,11289851.65,7893762.494,65403705.18,6291337.491,9669901.674,21021896,1365385,10733791.03,133272473.9,67404578.06,24697884.74,13500247.05,2151781.116,772676.1023,18938725.27,1736715.192,3462180.118,354343,798127,3044813,34381228,3777705.105,472886560,10650713,119600.1054,223143,697696.0683,2758992,7566104.955,1662494,159157.8589,308864,76464.31577,29450388,1463562,4362236,79308976,8984689,3167521,3167945,2304347.261,8237480,7484149,3585253,586197.6465,395772.4494,173853.8085,9350667,150213,1005519.722,2159973.816,17513040.61,264091.1032,10791.73118,3207761.348,101411063.6,66803999.24,8820573.033,826704.4045,957156.2155,20551907.21,1432892.847,2485329.363,10525540.19,9770826.672,5327206.579
88,213205728,734215.6647,491888.8277,5246024.732,1105614976,9556432.701,7307507.444,72117683.47,17638078.53,16095938.32,20825158,1548047,36490787.2,135934651,133517790.9,23654766.71,16358798.32,2590750.498,806018.888,22314236.31,3348540.735,1995599.205,429848,804173,2790279,35486856,4680394.093,509004224,12220894,21044.0581,454529,503051.2474,2873119,5763980.6,1730728,283944.2028,275097,114420.1782,28055664,1342101,3569771,89385344,14484092,2874514,3407490,2582684.735,7459423,7987643,4075751,807401.9281,528580.3001,86420.06266,9645176,141539,2067154.678,1917476.747,18832454.86,1128952.126,10791.73118,3408274.965,234784398.2,121815003.6,15867096,1348992.564,1055132.9,7139339.379,3652348.407,2254703.185,9776410.008,14768321.96,36979.53202
89,341573952,384674.1106,1217702.933,4432843.166,1011935168,7868684.239,5856168.209,62307004.9,44159160.81,8136394.718,14211039,1430095,57428999.22,108355913.1,51416372.81,25329800.43,14609330,2074511.184,576430.7296,20478433.35,2910596.284,1166867.459,401536,697646,1526043,29584310,3924481.66,400443328,12036573,57454.04524,1478916,225357.6011,2581004,9180937.257,1389609,320510.2262,393677,328746.8723,40415988,967509,5332513,69936616,13722311,2650438,2539341,2239800.929,7309416,7134233,3739621,2669432.73,602289.435,182895.2959,9252519,195053,2970152.78,1275768.875,16150355.46,1068959.155,10791.73118,3167633.798,147544398.4,108170739.6,18834403.53,949233.6413,959080.3428,5380449.501,1050093.924,1544739.163,8029558.932,9643606.024,3569700.83
90,295094208,430938.4358,522870.9774,7159754.843,1095356160,17310057.51,8011011.487,89064622.96,19623456.31,10966820.95,25985888,2062544,4957994.737,142528924.2,77255474.89,27845363.88,21788209.84,4666883.606,909661.9117,27162661.14,3704519.468,5619111.298,222204,928282,2286240,41949584,4066781.554,479981152,11396843,1084838.389,271416,622893.2814,3122319,15273074.43,2094449,228521.7179,351814,140506.1404,40312892,1730798,9174355,107310744,16460465,3689967,3734747,2797030.32,7515344,9516137,5631607,2394784.995,1766321.499,232179.3742,11897932,331972,1670178.734,1433257.231,23684820,119842.396,10791.73118,3642196.368,122477612.6,102152692,12886929.76,420454.7567,802252.7395,11428146.46,1491326.834,2027381.132,9180201.271,6567164.698,1287359.141
91,345254624,1063835.374,385844.6307,4533359.619,1152975360,10644219.2,8645328.398,92750388.7,22692185.53,16843517.36,26234704,1279429,49111079.47,158004300.3,54049602.22,27979450.37,14328142.93,2677962.909,996307.1724,26324151.33,4446794.94,3781043.792,190117,1058398,3326423,31928876,5706187.811,491760288,16225907,635968.2001,468747,798741.1407,3184926,12624530.46,1815467,192859.5298,352222,129141.7912,38077776,1761931,7140632,120995896,12317017,3479288,4055902,2733744.572,7774410,10398452,3508934,1357879.444,344206.6361,217463.2876,12410696,231903,1228091.144,2557402.267,25173408.21,897988.033,28274.88752,3085421.902,159688552.7,130677169.5,18031237.37,1731609.761,1187365.731,4257476.497,1423156.07,2548250.4,10187732.47,6619671.969,2476639.225
92,227086032,306719.5366,503812.7653,4103263.235,1023530240,9799662.871,6188029.039,56735025.97,20659437.67,14710952.59,16232045,1182724,25651237.21,109563952.9,29810134.78,24462111.94,14549284.44,3857139.802,599865.7291,22460014.79,3648421.86,1280897.895,137935,589107,2324759,42025772,6664523.298,462183616,10125864,51556.47468,488389,360426.0579,2080760,7349598.776,1519136,290723.6554,255589,122953.2211,27716050,1032015,3881135,71789320,12199529,2936692,2665914,1685931.115,8047450,7250270,3792501,2463590.515,411036.8047,110266.0059,9535640,135243,1778489.233,1382827.075,14505724.09,946061.2165,10791.73118,2973764.622,202935580.9,138993220.4,24701845.33,998249.8853,892887.8777,1068927.746,1252621.16,1790058.95,7948046.109,9917587.879,1074602.847
93,249667536,489597.9265,308446.4137,4160486.391,1043871872,10058331.8,7183417.738,66126896.74,15087514.81,17558255.78,15532148,1226494,15976792.79,108106151.3,23415275.12,24319325.81,18026322.96,3497767.809,625501.1027,21683664.42,2820358.91,1631888.383,130291,570880,1696909,54275312,8234429.712,504726496,11982686,46580.76139,368651,183138.4928,2282926,11322354.83,1532202,113142.9799,241037,90064.07022,30603054,1047975,6071386,74477736,13145091,3096520,2848937,1643561.591,7806534,7592759,4568954,1973646.581,1215821.104,134979.6834,10308943,212596,1768899.141,1231522.17,16917414.63,509890.1128,10791.73118,3528559.453,209320125.2,113838389.1,14213241.07,647291.711,789532.3345,4360192.398,1268911.143,1595156.941,8999054.554,6093358.682,2951708.159
94,292180608,900006.6923,368408.3391,5618481.342,1079966208,12719511.25,7610332.466,78476100.85,13113712.47,11333046.61,20125296,1666731,18403437.28,132876871.5,37265120.58,26042931.99,24765602.65,3222751.576,826352.3521,23195852.08,2730897.412,4179178.048,161644,847869,2265260,36476876,4262023.305,376744832,11792447,850028.9277,289551,730124.3386,2854748,12196892.43,1600469,146263.566,397308,87463.87352,45888628,1775674,7499347,98639016,16007075,3507675,3558154,2544458.845,7632007,8657383,6854223,3018497.622,2579557.009,193433.5526,11738106,275890,1557872.3,1542143.103,21204871.97,319851.0028,10791.73118,3131806.635,91334308.09,66811255.06,8707611.813,724278.0357,1183581.956,4139603.365,865140.2557,2208179.761,9226446.949,6101521.09,613997.9406
95,328218176,555998.9109,352605.8304,3496644.425,1146053120,9432083.755,6993407.858,66141152.24,13320940.86,18446967.18,18126544,1018735,33783368.73,126178383.1,35306188.14,24523921.14,15560412.96,4032662.375,631930.9957,27054846.04,3275661.916,1863221.478,227614,658336,2316398,35447120,7122843.714,594809664,15961274,21044.0581,544973,446778.8809,2915950,8666515.482,1398589,205320.2932,283936,98310.41352,34276604,1432819,4781758,75225256,13117656,3207635,2807095,2281292.806,7494772,7495634,3623936,2159520.031,411662.205,104433.0859,9878799,155802,2361487.756,2271110.017,17859137.68,1119902.583,35593.4151,3953588.253,222694490.7,148441184.4,20574126.88,1315446.403,939159.1988,1068927.746,2056132.834,2365326.348,10775198.72,10990208.1,294708.4273
96,224418976,658642.7537,512168.0924,5530657.104,1095496320,11446641.18,7397920.301,73118814.56,14320994.98,12508760.85,21772794,1681950,23700449.08,138711365.9,39100196.88,25477734.04,14846449.09,3999720.801,806338.4559,24248127.96,3070326.079,3336863.63,57602.0928,765183,2656743,37464352,5507176.564,458577504,12908107,42917.98091,498297,515952.7523,2530015,8816662.313,1639733,271921.2234,271161,128101.0104,27769128,1745724,5032993,94081328,13619226,3119587,3559958,1969540.387,8556486,8334408,3776926,2492567.533,428535.9342,101745.62,10768257,178165,1374994.961,1668700.139,19366140.86,759932.3745,10791.73118,3434635.848,139525157.5,174573773.5,24717527.22,1178147.86,926332.0552,2546879.798,2259624.134,2386914.588,9902620.909,15768569.57,2071447.316
97,254872896,400040.5025,543693.0445,4742803.231,1073817216,9863924.872,6941708.966,79561506.6,20174469.12,17012498.75,20694570,1486577,37548449.4,139792860.9,79787177.86,24556569.64,9739231.568,4194714.03,802706.3367,26171064.14,3657665.602,3086008.634,211829,775238,3083847,35482192,6531549.26,458794752,15093040,442293.8901,387694,625220.1782,2526151,8255777.175,1670087,253243.7987,335632,126730.8749,37360884,1338653,4708266,104332952,14226980,3368210,3272237,2292120.951,9430869,8331072,2486269,3313752.767,244450.9301,138699.8129,10920485,177392,1146379.273,1775210.204,20699844.12,681383.3063,33822.37626,3873053.688,236172652.9,9401392.109,11561347.97,1313053.623,1147308.377,123529748.5,2078587.286,2111459.459,8967805.1,9532962.858,17142663.01
98,258632688,353695.956,389241.9057,6025981.198,1146799488,11792640.92,7713787.921,89757653.81,17937218.34,11684130.42,23120390,1939811,29415221.25,146522992,85231578.66,27637753.26,14020435.68,3871709.562,926593.8369,29125128.45,3658793.277,3437016.838,165504,994753,3049539,29530766,5832190.086,462993984,12354768,273630.5315,436780,776622.122,2672606,9407333.021,1830210,187659.8395,328043,95070.73016,38277940,1438691,5630453,110736088,18479700,3208725,4077709,2335987.34,9143453,9439503,3291825,1377187.826,342413.8541,141627.5027,11695296,171571,1311103.125,2196940.863,24845142.9,673944.7752,10791.73118,2928312.607,212385099.4,186063403.3,31555442.26,1257936.107,1103151.548,11848556.38,2189305.679,2336832.118,10247795.83,14039701.17,1880350.118
99,238458288,607031.7418,857821.1547,7779857.355,986475392,12327476.23,7272238.608,101850724.6,45850252.43,10292767.72,28864890,2339348,23395430.72,166623980.8,100918289.9,25691356.1,12238972.14,4119426.882,1016493.622,24061460.27,5050412.366,4524836.381,156319,1089022,4005884,39037952,3929731.949,466025824,12187107,431568.0416,716363,855235.6812,2510901,13322002.45,1969612,463394.5475,470119,279911.4133,41959912,1473335,8102439,124118768,14510673,2859516,4287684,2124139.274,6641657,10532016,2963798,3376574.698,399186.5111,338922.5111,12461264,288128,1312189.116,1592037.463,27691521.21,618611.9481,23547.65154,3358790.988,109527887.2,94419803.53,14232506.58,1215726.233,769554.3494,29437865.09,1632311.812,2286838.664,10839402.23,10278450.56,5278733.812
100,298794720,628492.9963,845397.1159,6718947.344,1177191808,8856172.633,7379139.637,99221582.98,46191770.72,9522777.438,23800800,1956471,57302480.31,143315188.3,30836098.83,28475748.05,11139681.75,3574298.35,944230.3562,23642847.26,3926509.792,2679965.29,209577,968719,3233689,22848196,4340538.03,408734912,15763496,468670.5039,895247,718532.6791,2139622,10577785.49,1928464,320635.0776,397332,248074.176,41804680,2190645,6545408,118857776,9824398,2510964,3913926,1972120.664,5592747,8842712,2816387,3298634.586,283400.7752,256186.0559,12450447,203069,1880308.3,1661186.691,25648049.77,668972.1917,32847.84418,2853881.27,36500112.15,109187120,15753518.6,1193784.458,993330.8673,3224487.663,1145369.634,1657505.065,8892793.617,9564497.834,680022.2787
101,250472368,260890.4154,1115860.289,5898866.79,1029872320,9777611.981,6508850.531,64249190.96,40402528.7,10489267.93,16304284,1717536,62874638.19,125977370,83227954.76,23851234.65,11418731.18,4627468.876,657212.4836,24519816.74,3203963.208,1662042.031,156357,894056,2107451,32952474,4482996.506,478258272,11842102,90507.86566,942711,476595.9746,2898835,10812226.43,1615750,312997.7809,410101,332874.0835,33133516,1597299,6191498,86726040,13292874,3000918,3274925,2306111.942,7017760,7433265,2951550,5209128.336,345688.4597,282970.0647,10801651,194431,1725397.489,1408258.205,17332309.98,854986.5781,39769.81753,3364388.426,102212525.9,180760016.3,30576171.14,1303971.44,986481.3959,8579660.005,1735435.219,1938800.511,8217706.183,13621785.01,5227733.174
102,165210768,214487.5529,1284709.987,4337334.212,940358912,6524138.457,4338079.583,69941102.44,35202324.29,11542826.11,13569933,1236788,29556626.98,108259581.6,81429068,23707838.06,9642703.271,2668900.131,620215.7147,16421063.6,1855630.159,867425.6416,142245,658048,2356303,25366468,4522428.64,388088768,10903754,61791.50866,1590831,89194.11878,1802809,8402775.09,1525077,242946.2408,327126,306565.1664,29363200,1146472,4717210,72878584,9458504,2142941,2650605,1325149.109,4960516,6816349,2224999,2561439.48,317168.6087,56388.30071,8619089,159539,3845858.987,957423.071,17810553.82,493156.0551,10791.73118,2495607.443,56327030.38,147387634.3,23279324.26,502477.1696,577313.6411,3569352.347,1919147.115,1184381.459,6510021.46,4543526.363,966457.1905
103,271699296,552336.9587,1464792.565,4375548.58,1127474560,7911393.382,5796003.725,76678036.81,42985626.87,13239173.3,15284386,1316117,73966006.42,114610538,65496592.53,23409718.74,12329620.14,3652394.662,758145.6711,20394475.65,2467480.605,1325882.735,178787,772181,2310588,32755408,5345924.778,520989792,11915970,165146.4068,1764711,243510.2717,2116748,10288319.43,1393703,352028.8524,474768,397913.0351,31071208,1064265,6175695,91814816,14020770,2882702,3210279,1758704.669,7332441,7595892,3010600,4320048.462,357411.4428,161332.1151,9971700,232798,3301120.125,1300906.209,20050726.68,1151555.498,39329.38525,3457859.49,148432121.1,181632420.2,37186321.5,1161377.377,969142.7359,19727052.03,1616762.102,1538435.122,6964602.726,8501292.334,7991250.047
104,249433072,297036.5574,931980.2116,5669052.79,1178458112,9070447.095,7656853.942,75012991.18,45667428.77,14932049.1,20216518,1655761,16313263.21,134890566.7,135567698.7,23650159.7,16437361.88,4370055.52,873775.2163,21190842.91,3968325.212,1768272.214,205197,773447,2146713,35505368,5428134.829,437817216,14952476,156833.7566,1570002,416018.6022,2419267,9351426.611,1635560,292841.2865,405346,305510.6757,34624980,1315341,5979782,99128112,12892100,3083022,3383909,2051686.374,7373588,8408211,4025501,8806517.085,495636.278,121933.3716,10510601,214272,3194607.134,1303665.346,19629806.69,827531.6687,39140.07531,3757210.759,139421399.6,159925958.3,26676469.34,634871.3223,763967.9031,8609893.838,2695727.201,1730729.521,8607513.73,12291988.44,79643.96404
105,352214112,295976.0434,863812.5487,5722650.982,1256482176,9756414.263,7843228.115,69200916.23,45568167.21,13886555.4,21080674,1937197,20430407.99,129804588.5,24829209.63,30104218.88,18527539.87,3540174.135,719509.8353,24736862.79,4672101.343,1592597.657,116641,842920,2027499,26070696,5476121.159,470156832,11406918,58648.8044,1273065,405754.0911,2747895,10946152.74,1915418,329134.4007,337681,234420.1647,35863032,1551069,6695822,87911344,19047998,3220584,3236730,2184880.396,10130918,7760232,4774549,3516449.044,564012.5302,119078.2238,10838106,228072,2660006.943,1988921.299,18359748.96,791433.23,22687.85438,2857769.697,135265545,157118205.3,25787116.8,739199.6561,878342.9955,3311979.429,972431.0483,2021230.567,10622759.79,11964092.15,6200842.213
G-3,204766608,290593.5271,3351727.563,6252614.64,730096064,3399019.504,4488037.023,48741870.55,72000174.02,1519865.815,17773586,1837062,194353077.9,113757930.7,47275862.09,26385506.57,7994357.755,2960041.994,657360.2178,21653485.23,6363835.893,3405321.384,284589,673633,2624788,119220656,1569099.651,676563072,15690127,1097676.69,1310400,494047.7325,2327356,13728196.98,1992265,1404954.361,444591,947964.0469,32698914,2049101,7749803,67499496,11780887,3751004,2254689,1864548.57,3000120,5378820,1973518,5282442.225,397450.4466,2021234.863,8073812,252240,3482804.352,1456678.561,12918814.47,1541912.8,34496.15647,9007672.235,51701762.09,182880.9045,119550.0405,4089899.427,543131.0827,1068927.746,1420020.476,2169417.48,12781170.27,3369347.207,36979.53202
G-4,274047328,317949.476,1117614.168,4154886.463,700698880,2954827.735,3089847.763,36896606.49,30630690.25,849788.8845,9326987,1264879,108364973,80224020.86,40570345.3,19060680.77,8415927.45,4298659.985,429356.7968,15963465.19,2899833.351,1583660.434,146925,521218,1989905,38167960,557612.2557,412477888,8929089,907004.6825,358751,779596.2689,1869123,12238005.03,1165851,522708.7581,187025,285191.7154,21249144,1587567,5545601,42485728,10971798,2402746,1724718,1453521.507,2800990,4384074,1988795,3107575.741,1090840.968,436874.4531,6336611,172416,878085.2286,759967.995,9676929.007,847238.6134,26454.11919,3045075.303,98401424.59,182880.9045,119550.0405,2623445.689,945214.2451,1068927.746,1067457.685,958836.1927,5817113.968,706996.214,36979.53202
G-5,307078528,332686.9325,4588335.619,6252094.729,874219456,1788668.981,3063117.33,49854837.61,61918128.32,1590357.891,22038804,1842584,197067320.1,136865725.4,86009727.15,26333060.59,15628782.22,3493184.018,817594.2558,25413763.94,5562383.067,3623176.177,279495,992130,3142966,86519904,1431263.122,602490304,19045630,1979206.059,1882551,2563034.122,2533669,15432117.46,2232040,2118985.292,490654,1274036.67,27650410,2175629,8967226,85640744,16606757,4547749,3138958,1834961.84,4291689,7055451,3966162,19697780.91,1231023.819,738508.3497,9244740,340607,2306524.75,2147028.69,13181667.01,2611460.957,77803.09698,10815256.41,84795915.31,182880.9045,119550.0405,5403600.475,914815.2018,1068927.746,2478300.129,2494473.371,11167593.22,763473.9152,36979.53202
1.2,371666112,299851.7771,1685894.221,5582749.964,749903680,1083914.719,2992693.854,54835726.95,31464360.32,2464433.337,14751303,1646177,162786445.3,94655485.98,15450756.91,22837895.61,11417769.7,5120863.19,568770.1408,19352871.27,2765495.355,1459206.59,118790,642144,2731258,85409472,2719274.844,640985024,9743071,1388175.45,906933,1325941.656,2233522,10864976.02,1832120,479076.2982,233753,432943.5164,20571318,1299996,6234491,65543276,16606498,3321384,2418205,2023405.708,4306002,5515181,2841591,186837.5551,2287449.334,162691.0199,8947090,218932,1220309.336,1121713.299,14447131.6,894812.8073,51750.43377,9138167.885,103931284.3,112867369.4,16748326.24,3223835.439,895928.1535,1068927.746,4872270.006,1453342.809,7716021.542,1184532.199,655291.9533
1.3,262077184,1851661.791,2197765.53,2678961.45,860492224,1110180.567,1915820.458,55097065.35,23128879.42,3155322.432,9925853,762034,155856840.2,95694464.65,13953616.58,23594043.08,6245645.769,5309967.75,593723.1304,9534735.452,1750010.898,159560.8696,57602.0928,563675,1800197,67612576,2578057.606,541214464,15292853,1041769.275,923822,652089.062,2654386,10291479.85,1516896,504923.6026,184099,559024.954,33403582,1577346,5662057,66490088,14788608,3851461,2454267,2527333.675,3268921,6073156,1449734,186837.5551,1729237.738,276160.677,9904755,188205,500752.6668,759560.6022,14974047.97,513950.8157,10791.73118,6216432.963,41914314.75,128432068.2,25135660.27,3358372.554,1579435.67,1068927.746,2194296.6,1003018.839,10300269.48,804716.2833,216726.8776
1.4,122658112,193423.63,979168.479,4427728.343,604981632,1305282.231,1725113.729,59205411.6,33423207.62,2087998.313,10414761,1252996,98955850.02,90807551.93,7930111.661,16639931.61,4743982.054,2653833.517,486398.9742,10528999.06,2878778.201,133197.4612,57602.0928,713693,2678860,58902196,2427584.736,391314336,10861534,424078.1884,284217,338933.6982,1929261,6357355.254,1307282,394635.7293,226024,231267.3874,20965814,886922,3734529,64644940,7039208,1931899,2170197,1718816.561,2356779,5426864,1018352,186837.5551,321858.2911,532314.0931,7246630,128468,515192.7792,697500.272,16010695.75,594457.7927,28918.11776,3781520.66,22668431.99,15429191.77,2246986.707,2436210.077,819303.55,241735317.7,564592.2068,828648.8654,7989883.457,1388781.164,58571080.45